Sentence,Response,sent_meant,gt
Chanting the choir raised the volume as the celebrant intoned the prayer.,गायन करण्यातल्या स्तोत्राचे स्वरूप वाढविण्यासाठी स्तोत्राचे गायन करणारा स्त्रोता ग्रंथाची प्रार्थना सांगत होता.,"Chanting, the choir raised the volume as the celebrant intoned the prayer.","धर्मगुरू प्रार्थना म्हणत असताना, घोष करणाऱ्या गायकवृंदाने आवाज वाढवला."
"A six-month-old calf was submitted for examination, showing lameness in all four legs which had been present since soon after birth.",एका सहा महिन्यांचा मुलगा वैद्यकीय जांचीसाठी पाठवण्यात आला होता. त्याने सर्व चार पायांवर लक्षणे होती ज्यांचे उपस्थिती जन्मानंतर काही वेळातच होते.,"A six-month-old calf was submitted for examination, showing lameness in all four legs, which had been present since soon after birth.","तपासणीसाठी आणलेल्या सहा महिन्यांच्या एका वासराला चारही पायांत लंगडेपणा दिसत होता, जो जन्मानंतर लगेचच सुरू झाला होता."
Planning authorities should provide alternative locations for small businesses which are or would be offensive in a residential area.,यांना व्यवसायांच्या विशिष्ट स्थाने प्रदान करण्याची जबाबदारी नागरी क्षेत्रात वाईट वाटणार्‍या व्यवसायांच्या किंवा असणार्‍या व्यवसायांच्या विशिष्ट स्थानांची आहे.,"Planning authorities should provide alternative locations for small businesses, which are or would be offensive in a residential area.","नियोजन प्राधिकरणांनी लहान व्यवसायांसाठी पर्यायी जागा उपलब्ध करून दिल्या पाहिजेत, जे निवासी क्षेत्रात आक्षेपार्ह आहेत किंवा असतील."
As the machine develops the forms we use to record data from past projects will be amended.,"मशीन विकसित होत असतानाच, पूर्व प्रकल्पांच्या डेटा रेकॉर्ड करण्यासाठी वापरल्या जाणार्‍या फॉर्म्सची बदल केले जातील.","As the machine develops, the forms we use to record data from past projects will be amended.","जसजशी यंत्रणा विकसित होईल, तसतसे मागील प्रकल्पांतील डेटा रेकॉर्ड करण्यासाठी आम्ही वापरत असलेले फॉर्म्स सुधारित केले जातील."
"As mentioned, first impressions can be misleading.",कितीही विचारांचा प्रथम भासा वाईट असू शकतो.,"As mentioned first, impressions can be misleading.","आधी सांगितल्याप्रमाणे, पहिली छाप फसवी असू शकते."
To get a clean assembly load the assembled equals table before the assembly is run.,स्वच्छता मिळवण्यासाठी असेंबल असलेले समतोल तालिका असेंबलच्या चालू होण्यापूर्वी लोड करा.,"To get a clean assembly, load the assembled equals table before the assembly is run.","स्वच्छ असेंब्ली मिळवण्यासाठी, असेंब्ली चालण्यापूर्वी जुळलेला इक्वल्स टेबल लोड करा."
Executors delay giving information about substantial deviations from agreed dates. Because of this action cannot be taken in time.,व्यावस्थापकांनी सहमत केलेल्या तारखांपासून वेगळ्या असलेल्या मोठ्या वेळेवर किंवा वेळेवर योग्य नसलेल्या वेळापत्रकांबद्दल माहिती देण्यात विलंब होतो. यामुळे या कारवाईत वेळेत हाती घेता येत नाही.,"Executors delay giving information about substantial deviations from agreed dates. Because of this, action cannot be taken in time.",अंमलबजावणी करणारे मान्य केलेल्या तारखांपासून महत्त्वपूर्ण विचलनाबद्दल माहिती देण्यास विलंब करतात. यामुळे वेळेत कारवाई करता येत नाही.
These glycans are poorly transferred to proteins resulting in unoccupied glycosylation sequons.,"ये ग्लायकन्स प्रोटीनमध्ये श्रेष्ठपणे प्रवेश करत नाहीत, ज्यामुळे ग्लायकोसिलेशन सीक्वोन्समध्ये अनुपस्थितता होते.","These glycans are poorly transferred to proteins, resulting in unoccupied glycosylation sequons.","हे ग्लायकन्स प्रथिनांमध्ये अपुरे हस्तांतरित होतात, परिणामी ग्लायकोसिलेशन सिक्वॉन्स रिक्त राहतात."
"X is an effective acute, oral treatment for migraine with a rapid onset of action",X हे एक कार्यक्षम शीघ्र कार्याचा प्रारंभ असलेला मौखिक उपचार आहे.,"X is an effective acute, oral treatment for migraine, with a rapid onset of action","एक्स हे मायग्रेनसाठी एक प्रभावी तीव्र, तोंडी उपचार आहे, ज्याची क्रिया जलद सुरु होते."
No newspaper is completely unbiased in my expert opinion.,कोणत्याही वृत्तपत्राची माझ्या विशेषज्ञ मतानुसार पूर्णपणे निष्पक्षता नाही.,"No newspaper is completely unbiased, in my expert opinion.","माझ्या तज्ञांच्या मते, कोणतेही वृत्तपत्र पूर्णपणे निःपक्षपाती नसते."
Steam for example is just as damaging as acid for that material.,"वायू, उदाहरणार्थ, त्या पदार्थासाठी त्या अम्लाप्रमाणे त्याचे नुकसान करू शकतो.","Steam, for example, is just as damaging as acid for that material.","उदाहरणार्थ, त्या सामग्रीसाठी वाफ ॲसिडइतकीच हानिकारक आहे."
"My favourite opera composers are Verdi, Puccini, Mozart and Gilbert and Sullivan.","माझे प्रिय ऑपेरा संगीतकार व्हेर्डी, पुच्चिनी, मोझार्ट, आणि गिल्बर्ट आणि सुल्लिव्हन.","My favourite opera composers are Verdi, Puccini, Mozart, and Gilbert and Sullivan.","माझे आवडते ऑपेरा संगीतकार व्हेर्डी, पुचिनी, मोझार्ट, आणि गिल्बर्ट व सुलिव्हन हे आहेत."
The only problem with the new project established in the desert at high cost is the lack of good access roads.,नवीन प्रकल्पाची एकमेव अडचण ही श्रीमंत प्रकल्पाच्या स्थापना करण्यासाठी मैदानी केली जाणारी आहे त्यामुळे चांगल्या प्रकारे प्रवेश मार्गांचा अभाव आहे.,"The only problem with the new project, established in the desert at high cost, is the lack of good access roads.",मोठ्या खर्चात वाळवंटी प्रदेशात उभारलेल्या नवीन प्रकल्पाची एकमेव समस्या म्हणजे चांगल्या प्रवेश मार्गांची कमतरता आहे.
Having failed in all previous attempts he evolved a new plan which surprised everybody.,त्याच्या सर्व पूर्वीच्या प्रयत्नांमध्ये विफल होताना त्याने नवीन योजना विकसित केली ज्याने सर्वांना आश्चर्यचित होते.,"Having failed in all previous attempts, he evolved a new plan which surprised everybody.","मागील सर्व प्रयत्नांमध्ये अपयशी ठरल्यानंतर त्याने एक नवीन योजना आखली, ज्यामुळे सर्वांना आश्चर्य वाटले."
When the film was developed none of the pictures proved satisfactory.,फिल्म विकसित झाल्यावरही कोणत्याही चित्रे संतोषजनक ठरली नाहीत.,"When the film was developed, none of the pictures proved satisfactory.",फिल्म डेव्हलप झाल्यावर एकही फोटो समाधानकारक निघाला नाही.
The school has adequate study facilities but hardly any sports facilities.,"विद्यालयात योग्य शिक्षण सुविधा आहेत, पण खूप कमी खेळांच्या सुविधा आहेत.","The school has adequate study facilities, but hardly any sports facilities.","शाळेत अभ्यासासाठी पुरेशा सुविधा आहेत, पण क्रीडा सुविधा जवळजवळ नाहीतच."
In his daily traffickings a Cairene resident is often made conscious of the suffocating pollution.,दैनंदिन व्यापारात एक कैरोणी नागरिकाने अक्सर वायुप्रदूषणाच्या वेधाने जाणीव होते.,"In his daily traffickings, a Cairene resident is often made conscious of the suffocating pollution.",त्याच्या दैनंदिन प्रवासात कैरोच्या रहिवाशाला गुदमरवून टाकणाऱ्या प्रदूषणाची वारंवार जाणीव होते.
If drama implies conflict and poetry metaphor then poetic drama must imply the dramatization of metaphor!,"काही द्रामा संघर्षाचा सूचक आहे आणि कविता सांख्यिकेचा सूचक आहे, तर कवितादरम्याने द्रामा सांख्यिकेचे द्रामीकरण म्हणजे सांख्यिकेचे द्रामीकरण असणार.","If drama implies conflict, and poetry metaphor, then poetic drama must imply the dramatization of metaphor!","जर नाटक संघर्ष सूचित करत असेल, आणि कविता रूपक सूचित करत असेल, तर काव्य नाटक निश्चितपणे रूपकाचे नाट्यीकरण सूचित करते!"
Items serve as the nodes of the knowledge network and user-defined relators serve as the links between items.,विषयांचा (वस्तू) ज्ञान नेटवर्काचे नोड्स आहेत आणि वापरकर्त्यांनी परिभाषित संबंधकार्ये (relators) ज्ञान नेटवर्काच्या विषयांमधील लिंक्स म्हणून कार्य करतात.,"Items serve as the nodes of the knowledge network, and user-defined relators serve as the links between items.","वस्तू ज्ञानाच्या नेटवर्कचे नोड्स म्हणून कार्य करतात, आणि वापरकर्त्याने परिभाषित केलेले रिलॅटर्स वस्तूंमधील दुवे म्हणून कार्य करतात."
A translator of technical texts often has to handle large amounts of information and needs to ensure that it is stored in an easily retrievable form.,शास्त्रीय साहित्याचे अनुवादकांना विशाल प्रमाणात माहिती संभाळण्याची गरज असते आणि ती सरळपणे शोधण्यासाठी संग्रहित करावी लागते.,"A translator of technical texts often has to handle large amounts of information, and needs to ensure that it is stored in an easily retrievable form.",तांत्रिक ग्रंथांच्या अनुवादकाला अनेकदा मोठ्या प्रमाणात माहिती हाताळावी लागते आणि ती सहज उपलब्ध होईल अशा स्वरूपात साठवली जाईल याची खात्री करावी लागते.
The calculator executed the functions that had been selected and displayed the results on the top half of the screen.,गणनाकृत्या केलेल्या कार्यांना पूर्ण केले आणि परिणाम प्रगत स्क्रीनच्या वरच्या भागावर प्रदर्शित केले.,"The calculator executed the functions that had been selected, and displayed the results on the top half of the screen.",कॅल्क्युलेटरने निवडलेली कार्ये पार पाडली आणि परिणाम स्क्रीनच्या वरच्या अर्ध्या भागावर प्रदर्शित केले.
"There are many disturbing factors fatigue, poor eye-sight, poor reading ability, anxiety or undue caution, distractibility, and inadequate motivation.","मोठ्या प्रमाणातील भयानक कारकांमध्ये थकवा, दृष्टी कमी असणे, वाचनाची क्षमता कमी असणे, भीती किंवा अतिरिक्त सावधगिरी, विचारांची विचलन, आणि अपुरा प्रेरणा यांचा समावेश आहे.","There are many disturbing factors: fatigue, poor eye-sight, poor reading ability, anxiety or undue caution, distractibility, and inadequate motivation.","विचलित करणारे अनेक घटक आहेत: थकवा, खराब दृष्टी, खराब वाचन क्षमता, चिंता किंवा अवाजवी सावधगिरी, विचलितता आणि अपुरी प्रेरणा."
"These are the components required motor brushes, bearings, and wiring.","या घटकांचा आवश्यक: मोटर ब्रश, बियरिंग्स, आणि वायरिंग.","These are the components required: motor brushes, bearings, and wiring.","आवश्यक असलेले घटक खालीलप्रमाणे आहेत: मोटार ब्रशेस, बेअरिंग्ज आणि वायरिंग."
"When a source of sound is operating in a room or other enclosure, the sound pressure in the room consists of two components direct sound and reverberant sound.","जेव्हा श्रवणाचा स्रोत एका खोलीत किंवा इतर बंदिस्त स्थळावर कार्य करतो, त्या खोलीतील ध्वनीची दाब एकूण दोन घटकांमध्ये विभागला जातो: सीधा ध्वनी आणि पुनरावृत्त ध्वनी.","When a source of sound is operating in a room or other enclosure, the sound pressure in the room consists of two components: direct sound and reverberant sound.","जेव्हा ध्वनीचा स्रोत एखाद्या खोलीत किंवा इतर बंद जागेत कार्यरत असतो, तेव्हा खोलीतील ध्वनी दाबामध्ये दोन घटक असतात: थेट ध्वनी आणि निनादी ध्वनी."
The crucial words in the specification are the signals must be routed internally.,विविध शब्दांची विशिष्टता या सिग्नल्स को अंतर्गत आंतरिकरित्या पथवंत करणे आवश्यक आहे.,The crucial words in the specification are ‘the signals must be routed internally’.,तपशीलातील महत्त्वाचे शब्द आहेत: ‘सिग्नल अंतर्गत मार्गाने पाठवले जाणे आवश्यक आहे’.
Would you please supply a list of the correct settings for the ABC,कृपया ABC च्या योग्य नियंत्रणांची यादी प्रदान करा,Would you please supply a list of the correct settings for the ABC?,कृपया 'एबीसी' साठी योग्य सेटिंग्जची एक यादी पुरवाल का?
Set BATTERY B switch to OFF set BATTERY C switch to ON.,बॅटरी बी स्विच ऑफ करा आणि बॅटरी सी स्विच ऑन करा.,Set BATTERY B switch to OFF; set BATTERY C switch to ON.,बॅटरी 'बी' चा स्विच 'ऑफ' करा; बॅटरी 'सी' चा स्विच 'ऑन' करा.
"What we see, we believe what we hear, we register","जे आपल्या डोळ्यांना दिसते, ते आपण विश्वास करतो; जे आपण ऐकतो, ते आपण नोंदवतो.","What we see, we believe; what we hear, we register","जे पाहतो, त्यावर विश्वास ठेवतो; जे ऐकतो, त्याची नोंद घेतो."
"However oxidative stress occurs when the balance is disturbed, through an increase in reactive oxygen species","परंतु ऑक्सीडेटिव स्ट्रेस होतो केवळ तेव्हा घडतो जेव्हा संतुलन बिघडते, प्रतिक्रियात्मक ऑक्सिजन स्पेसेसच्या वाढीमुळे.","However, oxidative stress occurs when the balance is disturbed, through an increase in reactive oxygen species.","तथापि, जेव्हा समतोल बिघडतो, तेव्हा प्रतिक्रियाशील ऑक्सिजन प्रजातींमध्ये वाढ झाल्यामुळे ऑक्सिडेटिव्ह ताण होतो."
Should any burner fail to ignite its respective section will revert to 'purge' and in this way the system ensures safe removal of unburned fuel,जर कोणत्याही ब्रनरने ज्वलन न केले तर त्या प्रत्येक भागाला 'प्युर्ज'मध्ये परतले जाईल आणि त्या पद्धतीने सिस्टीम सुरक्षितपणे अनजलित ईंधनाची काळजी घेते.,"Should any burner fail to ignite, its respective section will revert to 'purge', and in this way the system ensures safe removal of unburned fuel","जर कोणताही बर्नर पेटला नाही, तर त्याचा संबंधित विभाग 'पर्ज' वर परत जाईल आणि अशा प्रकारे प्रणाली न जळलेल्या इंधनाची सुरक्षित विल्हेवाट सुनिश्चित करते."
"At present rates of return giving a net profit of only 7% are widespread in the industry, indicating increased competition and tighter profit margins.",वर्तमान दरम्यानच्या दरांना ७% या नेट प्रॉफिटचा मिळवून घेण्यासाठी व्यावसायिकांमध्ये व्यापकपणे वाढीव प्रतिस्पर्धा आणि संकुचित लाभ मार्जिन्सचे सूचक आहेत.,"At present, rates of return giving a net profit of only 7% are widespread in the industry, indicating increased competition and tighter profit margins.","सध्या उद्योगात केवळ ७% निव्वळ नफा देणारे परताव्याचे दर सर्वत्र पसरलेले आहेत, ज्यामुळे वाढलेली स्पर्धा आणि नफ्याचे घट्ट मार्जिन दिसून येते."
"He draws an analogy between this and the learning process of a new-born child as it develops into maturity and quotes Freud: ""Where id was, there ego shall be.""","तो हे विचार करतो की हे आणि नवजात शिशूच्या शिक्षण प्रक्रियेचा सारांश आहे ज्याच्या विकासाने मaturity झाली आणि फ्रायडचा उद्धरण करतो: Where id was, there ego shall be.","He draws an analogy between this and the learning process of a new-born child as it develops into maturity, and quotes Freud: ""Where id was, there ego shall be.""","तो याची तुलना नवजात बालक प्रौढत्वाकडे विकसित होत असतानाच्या अध्ययन प्रक्रियेशी करतो आणि फ्रॉइडचे उद्धृत करतो: ""जिथे इड होते, तिथे इगो असेल."""
"Unfortunately though incorrect predictions were made about both negative and positive experiments, leading to doubts about the reliability of the underlying model.",दुर्दैवाने तरी चुकीच्या पूर्वानुमानांनी दोन्ही नकारात्मक आणि सकारात्मक प्रयोगांच्या बाबतीत झालेल्या चुकीच्या पूर्वानुमानांनी विश्वासघाताच्या प्रतिमानाच्या विश्वासार्हत्वाच्या विश्वासाच्या विश्वासाच्या विश्वासाच्या विश्वासाच्या विश्वासाच्या विश्वासाच्या विश्वासाच्या विश्वासाच्या विश्वासाच्या विश्वासाच्या विश्वासाच्या विश्वासाच्या विश्वासाच्या विश्वासाच्या विश्वासाच्या विश्वासाच्या विश्वासाच्या विश्वासाच्या विश्वासाच्या विश्वासाच्या विश्वासाच्या विश्वासाच्या विश्वासाच्या विश्वासाच्या विश्वासाच्या विश्वासाच्या विश्वासाच्या विश्वासाच्या विश्वासाच्या विश्वासाच्या विश्वासाच्या विश्वासाच्या विश्वासाच्या विश्वासाच्या विश्वासाच्या विश्वासाच्या विश्वासाच्या विश्वासाच्या विश्वासाच्या विश्वासाच्या विश्वासाच्या विश्वासाच्या विश्वासाच्या विश्वास,"Unfortunately though, incorrect predictions were made about both negative and positive experiments, leading to doubts about the reliability of the underlying model.","तरीही दुर्दैवाने, नकारात्मक आणि सकारात्मक अशा दोन्ही प्रयोगांबद्दल चुकीचे अंदाज वर्तवले गेले, ज्यामुळे मूळ मॉडेलच्या विश्वसनीयतेबद्दल शंका निर्माण झाल्या."
Reject the applicant using procedure XYZ to ensure compliance with standard evaluation protocols.,विद्यार्थ्यांना परीक्षण XYZ वापरून मार्गदर्शक मूल्यांकन प्रक्रियांच्या पालनाची खात्री करून परीक्षा नाकारणे.,"Reject the applicant, using procedure XYZ to ensure compliance with standard evaluation protocols.",मानक मूल्यांकन नियमांचे पालन सुनिश्चित करण्यासाठी 'XYZ' कार्यपद्धतीचा वापर करून अर्जदाराला नाकारा.
It represents an early quantifiable hyperplastic response of the tissue to injury.,इतर क्षतिग्रस्त ऊतकाच्या प्रतिक्रियेमध्ये हायपरप्लास्टिक प्रतिक्रियेचा शारीरिक मोजमापी परिणाम.,"It represents an early, quantifiable, hyperplastic response of the tissue to injury.","ते दुखापतीनंतर ऊतीचा लवकरचा, मोजता येण्याजोगा, हायपरप्लास्टिक प्रतिसाद दर्शविते."
Return the XYZ to the operator following the ABC routine to verify proper functioning and safety.,"खालील XYZ को ऑपरेटरला ABC प्रक्रिया पालन करून, सुरक्षितता आणि योग्य कार्याची पुष्टी करण्यासाठी परत द्या.","Return the XYZ to the operator, following the ABC routine to verify proper functioning and safety.",योग्य कार्यप्रणाली आणि सुरक्षितता सत्यापित करण्यासाठी 'एबीसी' नियमांचे पालन करून 'XYZ' ऑपरेटरला परत करा.
Insert the new disk into the disk drive with the notch at the bottom facing the drive’s entry slot.,डिस्क ड्राइवमध्ये नवीन डिस्क टाका आणि ड्रायव्हरच्या प्रवेश स्लॉटच्या खाली नॉचचा भाग दिस्कच्या खाली असणे आवश्यक आहे.,"Insert the new disk into the disk drive, with the notch at the bottom facing the drive’s entry slot.","नवीन डिस्क डिस्क ड्राइव्हमध्ये घाला, ज्याचा तळाशी असलेला नॉच ड्राइव्हच्या प्रवेश स्लॉटकडे तोंड करून असेल."
"Replace the fuel lines and electrical conduits, which have cracks or damaged B-nut fittings to prevent leaks and ensure safe operation.",मशीनच्या ईंधन लाइन्स आणि विद्युत कनेक्शन्समध्ये फटे किंवा B-नट फिटिंग्सचे क्षतिग्रस्त होण्यापासून रोखण्यासाठी आणि सुरक्षित कार्यासाठी सुनिश्चित करण्यासाठी ईंधन लाइन्स आणि विद्युत कनेक्शन्स बदला.,Replace the fuel lines and electrical conduits which have cracks or damaged B-nut fittings to prevent leaks and ensure safe operation.,"ज्या इंधन लाईन्स आणि इलेक्ट्रिकल कंड्युईट्सना तडे गेले आहेत किंवा बी-नट फिटिंग्ज खराब झाली आहेत, त्यांना गळती टाळण्यासाठी आणि सुरक्षित कामकाज सुनिश्चित करण्यासाठी बदला."
The processor accepts data from input devices and checks it before computing to ensure accuracy and prevent errors.,"प्रोसेसर डेटा प्रवेश साधनांमधून स्वीकारतो आणि त्याची जतन करतो त्यापूर्वी, तपासतो आणि गणना करतो त्यासाठी खात्री करतो.","The processor accepts data from input devices, and checks it before computing to ensure accuracy and prevent errors.",प्रोसेसर इनपुट उपकरणांकडून डेटा स्वीकारतो आणि अचूकता सुनिश्चित करण्यासाठी व त्रुटी टाळण्यासाठी तो गणनेपूर्वी तपासतो.
"The orifice through which the exhaust gases leave the chamber, is larger than the intake valve opening.","श्रोथाचा मार्ग, ज्यामधून गॅसचा निर्याति होतो, तो इंटेक व्हॅल्व्हच्या खुणेपेक्षा मोठा आहे.","The orifice, through which the exhaust gases leave the chamber is larger than the intake valve opening.","ज्या मुखातून उत्सर्जक वायू कक्षातून बाहेर पडतात, ते इनटेक व्हॉल्व्हच्या उघडण्यापेक्षा मोठे आहे."
Take no action as the camera operates automatically under all lighting conditions.,कार्य करू नका कारण कॅमेरा सर्व प्रकारच्या प्रकाशस्थितीत स्वायत्तपणे कार्य करते.,"Take no action, as the camera operates automatically under all lighting conditions.","कोणतीही कार्यवाही करू नका, कारण कॅमेरा सर्व प्रकाश परिस्थितीत आपोआप कार्य करतो."
The species of fish supported by the reef are varied and abundant food supplies are available to sustain their populations.,"माशांच्या प्रजाती रीफमध्ये समर्थित आहेत, विविध आणि प्रचंड भोजनाच्या पुरवठ्यांचे साठा उपलब्ध आहेत जे त्यांच्या लोकसंख्येचे पालन करण्यासाठी.","The species of fish supported by the reef are varied, and abundant food supplies are available to sustain their populations.",रीफमुळे आधारलेल्या माशांच्या प्रजाती वैविध्यपूर्ण आहेत आणि त्यांच्या लोकसंख्या टिकवून ठेवण्यासाठी भरपूर अन्न पुरवठा उपलब्ध आहे.
"At high temperatures, all the ceramic materials show ductility and hardness decreases considerably, leading to a higher risk of deformation under load.",उष्णतेमध्ये सर्व सिरेमिक सामग्री दृढ़ता आणि कठोरता कमी होते आणि प्रतिकूलता वाढते.,"At high temperatures, all the ceramic materials show ductility, and hardness decreases considerably, leading to a higher risk of deformation under load.","उच्च तापमानावर, सर्व सिरामिक साहित्ये तन्यता दर्शवतात आणि कडकपणा मोठ्या प्रमाणात कमी होतो, ज्यामुळे भाराखाली विरूपणाचा धोका वाढतो."
"This produces hard copy that can be retained but printed sheets are bulky to handle, so digital storage and viewing are often preferred.","हे हार्ड कॉपी तयार करते की ज्या कॉपी ते राखता येतात, पण प्रिंटेड शीट्स हे भारी आहेत त्यांचा हाताळणी करणे कठीण असते, त्यामुळे डिजिटल स्टोरेज आणि पाहणे हे वेळोवेळी पसंत केले जाते.","This produces hard copy that can be retained, but printed sheets are bulky to handle, so digital storage and viewing are often preferred.","यामुळे जतन करता येणारी हार्ड कॉपी तयार होते, पण छापलेली पाने हाताळण्यास जाडजूड असल्याने, डिजिटल साठवण आणि पाहण्याला अनेकदा प्राधान्य दिले जाते."
Connection to PTT-supplied packet-switch networks will be a prime requirement of the workstation and gateways into these networks are planned by the PTTs to ensure seamless data communication.,"कार्यस्थळासाठी PTT-ने प्रदान केलेल्या पॅकेट स्विच नेटवर्कशी जोडणे हे कार्यस्थळाची प्रमुख आवश्यकता असणार आहे आणि या नेटवर्क्समध्ये प्रवेशासाठी प्रवेशद्वारे PTTs द्वारे योग्य प्रकारे सांखळले जात आहेत, जेणेकरून डेटा संचारासाठी सुमारे आहे.","Connection to PTT-supplied packet-switch networks will be a prime requirement of the workstation, and gateways into these networks are planned by the PTTs to ensure seamless data communication.",पीटीटीने पुरवलेल्या पॅकेट-स्विच नेटवर्कशी जोडणी ही वर्कस्टेशनची प्रमुख आवश्यकता असेल आणि अखंड डेटा संवाद सुनिश्चित करण्यासाठी या नेटवर्कमध्ये प्रवेशासाठी गेटवे पीटीटीद्वारे नियोजित आहेत.
The system consistently achieved 50 gallons per hour optimum output.,यंत्राच्या स्थिरतेने 50 गॅलन्स प्रति तास optimum उत्पादन मिळवले.,The system consistently achieved 50 gallons per hour — optimum output.,प्रणालीने सातत्याने दर तासाला ५० गॅलन – इष्टतम उत्पादन – गाठले.
percentage reduction is critical: over and under reduction cause the ink to be very uneven and prone to smudging.,टक्केवारी कमी अत्यंत महत्वाची आहे; अधिक किंवा कमी कमी हे काळी रंगाचे अनियमित आणि स्मुदगण्याच्या प्रवण बनविण्यास आणि काळी रंगाचे अनियमित आणि स्मुदगण्याच्या प्रवण बनविण्यास आणि,percentage reduction is critical: over- and underreduction cause the ink to be very uneven and prone to smudging.,टक्केवारीतील घट निर्णायक आहे: जास्त घट आणि कमी घट यांमुळे शाई खूपच असमान होते आणि सहज डाग पडण्याची शक्यता असते.
Adopting a user-centered approach is a realistic strategy in the design of both paper and screen based forms.,वापरकर्ता केंद्रित दृष्टिकोनाचा प्रयोग पेपर-आधारित आणि स्क्रीन-आधारित फॉर्मच्या डिझाइनमध्ये वास्तविक यंत्रणा आहे.,Adopting a user-centered approach is a realistic strategy in the design of both paper- and screen-based forms.,"वापरकर्ता-केंद्रित दृष्टिकोन स्वीकारणे, कागदावर आधारित आणि स्क्रीनवर आधारित असलेल्या दोन्ही फॉर्म्सच्या डिझाइनमध्ये एक वास्तववादी रणनीती आहे."
Morphological studies of paraquat or oxygen toxicity in rats have shown significant cellular damage in lung tissue.,पॅराक्वेट किंवा ऑक्सिजन तीव्रतेच्या अध्ययनांनी रात्समध्ये लunge ऊतकांमध्ये महत्त्वाची कोशिकीय क्षती दाखवून दिली आहे.,Morphological studies of paraquat- or oxygen-toxicity in rats have shown significant cellular damage in lung tissue.,उंदरांमधील पॅराक्वेट किंवा ऑक्सिजन विषारीपणाच्या रूपात्मक अभ्यासांनी फुफ्फुसाच्या ऊतीमध्ये लक्षणीय पेशींचे नुकसान दर्शविले आहे.
One should read G. V. Carey’s chapter Proof Correction in Mind the Stop.,,One should read G. V. Carey’s chapter ‘Proof Correction’ in Mind the Stop.,जी. व्ही. कॅरीचा 'माईंड द स्टॉप' मधील 'प्रूफ करेक्शन' हा अध्याय वाचला पाहिजे.
"The glass content of this material is low, 10% by weight, for this application.","मटेरियलाच्या या ग्लासचे सामग्रीचे प्रमाण कमी आहे, 10% वजनानुसार, या अॅप्लिकेशनसाठी.","The glass content of this material is low, (10% by weight), for this application.",या सामग्रीतील काचेचे प्रमाण (वजनानुसार १०%) या उपयोगासाठी कमी आहे.
"During the experiment, the animals will be fed with water, via an automatic system, ad libitum.",जानावरांना पाण्याने खायला दिले जाईल. ऑटोमॅटिक प्रणालीने त्यांना मुक्तपणे खायला दिले जाईल.,"During the experiment, the animals will be fed with water, (via an automatic system), ad libitum.","प्रयोगादरम्यान, प्राण्यांना पाणी (स्वयंचलित प्रणालीद्वारे) इच्छेनुसार दिले जाईल."
a water:glycol ratio of 60:40 is preferred.,पाण्याच्या आणि ग्लाईकोलच्या प्रमाणात 60:40 प्राधान्य आहे.,a water/glycol ratio of 60/40 is preferred.,६०/४० पाण्याचे/ग्लायकॉलचे प्रमाण पसंत केले जाते.
It has thickness of only 16:240 inch.,त्याच्या मात्रा 16:240 आहे.,It has thickness of only 16/240 inch.,त्याची जाडी फक्त १६/२४० इंच आहे.
