src,prediction,gt
Chanting the choir raised the volume as the celebrant intoned the prayer.,गायन करणारा गायनसमूह जसजशा उत्सवाध्यक्षाने प्रार्थना म्हटली तसतसे आवाज वाढवत होता.,"धर्मगुरू प्रार्थना म्हणत असताना, घोष करणाऱ्या गायकवृंदाने आवाज वाढवला."
"A six-month-old calf was submitted for examination, showing lameness in all four legs which had been present since soon after birth.","एका सहा-महिन्यांच्या वासरूची तपासणीसाठी सादर करण्यात आली, ज्याला जन्मानंतर लवकरच सुरू झालेल्या चारही पायांमध्ये लंगडेपणाची लक्षणे दिसून आली.","तपासणीसाठी आणलेल्या सहा महिन्यांच्या एका वासराला चारही पायांत लंगडेपणा दिसत होता, जो जन्मानंतर लगेचच सुरू झाला होता."
Planning authorities should provide alternative locations for small businesses which are or would be offensive in a residential area.,"नियोजन प्राधिकरणांनी लघुव्यवसायांसाठी पर्यायी स्थाने उपलब्ध करून द्यावीत, जे राहाण्याच्या भागात आक्षेपार्ह आहेत किंवा असू शकतात.","नियोजन प्राधिकरणांनी लहान व्यवसायांसाठी पर्यायी जागा उपलब्ध करून दिल्या पाहिजेत, जे निवासी क्षेत्रात आक्षेपार्ह आहेत किंवा असतील."
As the machine develops the forms we use to record data from past projects will be amended.,"जसजशी मशीन विकसित होते, तसतसे मागील प्रकल्पांमधून डेटा नोंदण्यासाठी आपण वापरत असलेली फॉर्मे सुधारली जातील.","जसजशी यंत्रणा विकसित होईल, तसतसे मागील प्रकल्पांतील डेटा रेकॉर्ड करण्यासाठी आम्ही वापरत असलेले फॉर्म्स सुधारित केले जातील."
"As mentioned, first impressions can be misleading.","जसे उल्लेख केला आहे, पहिल्या छापी गैरसमज निर्माण करू शकतात.","आधी सांगितल्याप्रमाणे, पहिली छाप फसवी असू शकते."
To get a clean assembly load the assembled equals table before the assembly is run.,"स्वच्छ असेंब्ली मिळवण्यासाठी, असेंब्ली चालू होण्यापूर्वी असेंब्ल्ड इक्वल्स टेबल लोड करा.","स्वच्छ असेंब्ली मिळवण्यासाठी, असेंब्ली चालण्यापूर्वी जुळलेला इक्वल्स टेबल लोड करा."
Executors delay giving information about substantial deviations from agreed dates. Because of this action cannot be taken in time.,कार्यकारी लोक मान्यताप्राप्त तारखांमधून मोठ्या विचलनाबद्दल माहिती देण्यास विलंब करतात; यामुळे वेळेत कारवाई करता येत नाही.,अंमलबजावणी करणारे मान्य केलेल्या तारखांपासून महत्त्वपूर्ण विचलनाबद्दल माहिती देण्यास विलंब करतात. यामुळे वेळेत कारवाई करता येत नाही.
These glycans are poorly transferred to proteins resulting in unoccupied glycosylation sequons.,"हे ग्लायकन्स प्रोटीन्सवर खूपच कमी प्रमाणात स्थानांतरित केले जातात, ज्यामुळे ग्लायकोसिलेशन सीक्वॉन रिकामे राहतात.","हे ग्लायकन्स प्रथिनांमध्ये अपुरे हस्तांतरित होतात, परिणामी ग्लायकोसिलेशन सिक्वॉन्स रिक्त राहतात."
"X is an effective acute, oral treatment for migraine with a rapid onset of action","X हे मायग्रेनसाठी एक प्रभावी तीव्र, तोंडद्वारे घेण्याचे उपचार आहे ज्याची क्रिया झपाट्याने सुरू होते.","एक्स हे मायग्रेनसाठी एक प्रभावी तीव्र, तोंडी उपचार आहे, ज्याची क्रिया जलद सुरु होते."
No newspaper is completely unbiased in my expert opinion.,"माझ्या तज्ञ मतानुसार, कोणताही वृत्तपत्र पूर्णपणे पक्षपातरहित नाही.","माझ्या तज्ञांच्या मते, कोणतेही वृत्तपत्र पूर्णपणे निःपक्षपाती नसते."
Steam for example is just as damaging as acid for that material.,"उदाहरणार्थ, स्टीम हा त्या सामग्रीसाठी अॅसिड इतकाच हानिकारक आहे.","उदाहरणार्थ, त्या सामग्रीसाठी वाफ ॲसिडइतकीच हानिकारक आहे."
"My favourite opera composers are Verdi, Puccini, Mozart and Gilbert and Sullivan.","माझे आवडते ऑपेरा संगीतकार व्हर्डी, पुचिनी, मोत्सार्ट आणि गिलबर्ट आणि सुलिव्हन आहेत.","माझे आवडते ऑपेरा संगीतकार व्हेर्डी, पुचिनी, मोझार्ट, आणि गिल्बर्ट व सुलिव्हन हे आहेत."
The only problem with the new project established in the desert at high cost is the lack of good access roads.,उच्च खर्चात वाळवंटात स्थापन केलेल्या नवीन प्रकल्पातील एकमेव समस्या म्हणजे चांगल्या प्रवेश रस्त्यांचा अभाव.,मोठ्या खर्चात वाळवंटी प्रदेशात उभारलेल्या नवीन प्रकल्पाची एकमेव समस्या म्हणजे चांगल्या प्रवेश मार्गांची कमतरता आहे.
Having failed in all previous attempts he evolved a new plan which surprised everybody.,"सर्व मागील प्रयत्नांमध्ये अयशस्वी झाल्यानंतर, त्याने एक नवीन योजना तयार केली ज्याने सर्वांना आश्चर्यचकित केले.","मागील सर्व प्रयत्नांमध्ये अपयशी ठरल्यानंतर त्याने एक नवीन योजना आखली, ज्यामुळे सर्वांना आश्चर्य वाटले."
When the film was developed none of the pictures proved satisfactory.,"जेव्हा फिल्म विकसित केली गेली, तेव्हा कोणतीही चित्रे समाधानकारक ठरली नाहीत.",फिल्म डेव्हलप झाल्यावर एकही फोटो समाधानकारक निघाला नाही.
The school has adequate study facilities but hardly any sports facilities.,"शाळेकडे पुरेशा अभ्यास सुविधा आहेत, परंतु काहीच क्रीडा सुविधा नाहीत.","शाळेत अभ्यासासाठी पुरेशा सुविधा आहेत, पण क्रीडा सुविधा जवळजवळ नाहीतच."
In his daily traffickings a Cairene resident is often made conscious of the suffocating pollution.,"दैनंदिन वाहतुकीदरम्यान, कैरोच्या रहिवाशाला अनेकदा गुदमरून टाकणारे प्रदूषण जाणवते.",त्याच्या दैनंदिन प्रवासात कैरोच्या रहिवाशाला गुदमरवून टाकणाऱ्या प्रदूषणाची वारंवार जाणीव होते.
If drama implies conflict and poetry metaphor then poetic drama must imply the dramatization of metaphor!,"जर नाटकात संघर्ष आणि कवितेत रूपक असेल, तर काव्यात्मक नाटकात रूपकांचे नाट्यरूपांतर असले पाहिजे!","जर नाटक संघर्ष सूचित करत असेल, आणि कविता रूपक सूचित करत असेल, तर काव्य नाटक निश्चितपणे रूपकाचे नाट्यीकरण सूचित करते!"
Items serve as the nodes of the knowledge network and user-defined relators serve as the links between items.,आयटम ज्ञान नेटवर्कचे नोड्स म्हणून काम करतात आणि वापरकर्ता-परिभाषित संबंधक आयटम दरम्यानच्या दुवा म्हणून काम करतात.,"वस्तू ज्ञानाच्या नेटवर्कचे नोड्स म्हणून कार्य करतात, आणि वापरकर्त्याने परिभाषित केलेले रिलॅटर्स वस्तूंमधील दुवे म्हणून कार्य करतात."
A translator of technical texts often has to handle large amounts of information and needs to ensure that it is stored in an easily retrievable form.,तांत्रिक मजकूरांच्या अनुवादकाला अनेकदा मोठ्या प्रमाणात माहिती हाताळावी लागते आणि ती सहजपणे पुनर्प्राप्त करता येईल अशा स्वरूपात साठवली गेली आहे याची खात्री करणे आवश्यक असते.,तांत्रिक ग्रंथांच्या अनुवादकाला अनेकदा मोठ्या प्रमाणात माहिती हाताळावी लागते आणि ती सहज उपलब्ध होईल अशा स्वरूपात साठवली जाईल याची खात्री करावी लागते.
The calculator executed the functions that had been selected and displayed the results on the top half of the screen.,कॅल्क्युलेटरने निवडलेली कार्ये कार्यान्वित केली आणि परिणाम स्क्रीनच्या वरच्या अर्ध्या भागावर प्रदर्शित केले.,कॅल्क्युलेटरने निवडलेली कार्ये पार पाडली आणि परिणाम स्क्रीनच्या वरच्या अर्ध्या भागावर प्रदर्शित केले.
"There are many disturbing factors fatigue, poor eye-sight, poor reading ability, anxiety or undue caution, distractibility, and inadequate motivation.","अनेक त्रासदायक घटक आहेत: थकवा, दुर्बल दृष्टी, वाचन क्षमतेचा अभाव, चिंता किंवा अयोग्य सावधगिरी, लक्ष विचलित होणे आणि अपुरी प्रेरणा.","विचलित करणारे अनेक घटक आहेत: थकवा, खराब दृष्टी, खराब वाचन क्षमता, चिंता किंवा अवाजवी सावधगिरी, विचलितता आणि अपुरी प्रेरणा."
"These are the components required motor brushes, bearings, and wiring.","हे आवश्यक घटक आहेत: मोटर ब्रश, बेअरिंग्ज आणि वायरिंग.","आवश्यक असलेले घटक खालीलप्रमाणे आहेत: मोटार ब्रशेस, बेअरिंग्ज आणि वायरिंग."
"When a source of sound is operating in a room or other enclosure, the sound pressure in the room consists of two components direct sound and reverberant sound.","जेव्हा आवाजाचा स्रोत खोलीत किंवा इतर आवरणात कार्यरत असतो, तेव्हा खोलीतील ध्वनी दाब दोन घटकांचा बनलेला असतो: थेट आवाज आणि प्रतिध्वनी आवाज.","जेव्हा ध्वनीचा स्रोत एखाद्या खोलीत किंवा इतर बंद जागेत कार्यरत असतो, तेव्हा खोलीतील ध्वनी दाबामध्ये दोन घटक असतात: थेट ध्वनी आणि निनादी ध्वनी."
The crucial words in the specification are the signals must be routed internally.,स्पेसिफिकेशनमधील निर्णायक शब्द आहेत: सिग्नल अंतर्गत मार्गनिर्देशित केले जाणे आवश्यक आहे.,तपशीलातील महत्त्वाचे शब्द आहेत: ‘सिग्नल अंतर्गत मार्गाने पाठवले जाणे आवश्यक आहे’.
Would you please supply a list of the correct settings for the ABC,कृपया ABC साठी योग्य सेटिंग्जची यादी पुरवाल?,कृपया 'एबीसी' साठी योग्य सेटिंग्जची एक यादी पुरवाल का?
Set BATTERY B switch to OFF set BATTERY C switch to ON.,"BATTERY B स्विच OFF वर सेट करा, BATTERY C स्विच ON वर सेट करा.",बॅटरी 'बी' चा स्विच 'ऑफ' करा; बॅटरी 'सी' चा स्विच 'ऑन' करा.
"What we see, we believe what we hear, we register","आपण जे पाहतो, ते आपण मानतो; आपण जे ऐकतो, ते आपण नोंदवतो.","जे पाहतो, त्यावर विश्वास ठेवतो; जे ऐकतो, त्याची नोंद घेतो."
"However oxidative stress occurs when the balance is disturbed, through an increase in reactive oxygen species","तथापि, जेव्हा रिएक्टिव्ह ऑक्सिजन स्पिशीजमध्ये वाढ झाल्यामुळे संतुलन बिघडते, तेव्हा ऑक्सिडेटिव्ह ताण निर्माण होतो.","तथापि, जेव्हा समतोल बिघडतो, तेव्हा प्रतिक्रियाशील ऑक्सिजन प्रजातींमध्ये वाढ झाल्यामुळे ऑक्सिडेटिव्ह ताण होतो."
Should any burner fail to ignite its respective section will revert to 'purge' and in this way the system ensures safe removal of unburned fuel,"जर कोणताही बर्नर पेटला नाही, तर त्याचा संबंधित विभाग 'पर्ज' वर परत येईल आणि अशाप्रकारे सिस्टम जळलेल्या इंधनाची सुरक्षितपणे removal सुनिश्चित करते.","जर कोणताही बर्नर पेटला नाही, तर त्याचा संबंधित विभाग 'पर्ज' वर परत जाईल आणि अशा प्रकारे प्रणाली न जळलेल्या इंधनाची सुरक्षित विल्हेवाट सुनिश्चित करते."
"At present rates of return giving a net profit of only 7% are widespread in the industry, indicating increased competition and tighter profit margins.","सध्या, केवळ 7% निव्वळ नफा देणाऱ्या परताव्याच्या दरांमुळे उद्योगात स्पर्धा वाढली आहे आणि नफा मार्जिन कमी झाले आहेत.","सध्या उद्योगात केवळ ७% निव्वळ नफा देणारे परताव्याचे दर सर्वत्र पसरलेले आहेत, ज्यामुळे वाढलेली स्पर्धा आणि नफ्याचे घट्ट मार्जिन दिसून येते."
"He draws an analogy between this and the learning process of a new-born child as it develops into maturity and quotes Freud: ""Where id was, there ego shall be.""","तो याची तुलना नवजात मुलाच्या शिकण्याच्या प्रक्रियेशी करतो, जसजसे ते परिपक्वतेकडे वाढते आणि फ्रॉइडचे उद्धरण देतो: ""जिथे इड होती, तिथे अहं असेल.""","तो याची तुलना नवजात बालक प्रौढत्वाकडे विकसित होत असतानाच्या अध्ययन प्रक्रियेशी करतो आणि फ्रॉइडचे उद्धृत करतो: ""जिथे इड होते, तिथे इगो असेल."""
"Unfortunately though incorrect predictions were made about both negative and positive experiments, leading to doubts about the reliability of the underlying model.","दुर्दैवाने, नकारात्मक आणि सकारात्मक दोन्ही प्रयोगांबद्दल चुकीच्या अंदाज केल्या गेल्या, ज्यामुळे मूळ मॉडेलच्या विश्वसनीयतेबद्दल शंका निर्माण झाल्या.","तरीही दुर्दैवाने, नकारात्मक आणि सकारात्मक अशा दोन्ही प्रयोगांबद्दल चुकीचे अंदाज वर्तवले गेले, ज्यामुळे मूळ मॉडेलच्या विश्वसनीयतेबद्दल शंका निर्माण झाल्या."
Reject the applicant using procedure XYZ to ensure compliance with standard evaluation protocols.,"मानक मूल्यांकन प्रोटोकॉलचे पालन सुनिश्चित करण्यासाठी, XYZ प्रक्रिया वापरून अर्जदारास नकार द्या.",मानक मूल्यांकन नियमांचे पालन सुनिश्चित करण्यासाठी 'XYZ' कार्यपद्धतीचा वापर करून अर्जदाराला नाकारा.
It represents an early quantifiable hyperplastic response of the tissue to injury.,हे उत्क्लिष्ट ऊतीच्या दुखापतीवर होणाऱ्या लवकर मोजता येणाऱ्या अतिवृद्धी प्रतिसादाचे प्रतिनिधित्व करते.,"ते दुखापतीनंतर ऊतीचा लवकरचा, मोजता येण्याजोगा, हायपरप्लास्टिक प्रतिसाद दर्शविते."
Return the XYZ to the operator following the ABC routine to verify proper functioning and safety.,"योग्य कार्य आणि सुरक्षितता सत्यापित करण्यासाठी, ABC रूटीननुसार XYZ ऑपरेटरकडे परत करा.",योग्य कार्यप्रणाली आणि सुरक्षितता सत्यापित करण्यासाठी 'एबीसी' नियमांचे पालन करून 'XYZ' ऑपरेटरला परत करा.
Insert the new disk into the disk drive with the notch at the bottom facing the drive’s entry slot.,नवीन डिस्क डिस्क ड्राइव्हमध्ये अशा प्रकारे घाला की खाच तळाशी असून ती ड्राइव्हच्या प्रवेश स्लॉटच्या दिशेने असेल.,"नवीन डिस्क डिस्क ड्राइव्हमध्ये घाला, ज्याचा तळाशी असलेला नॉच ड्राइव्हच्या प्रवेश स्लॉटकडे तोंड करून असेल."
"Replace the fuel lines and electrical conduits, which have cracks or damaged B-nut fittings to prevent leaks and ensure safe operation.","गळती रोखण्यासाठी आणि सुरक्षित कार्य सुनिश्चित करण्यासाठी, इंधन लाइन्स आणि इलेक्ट्रिकल कंड्युट्स बदला, ज्यामध्ये क्रॅक्स किंवा खराब झालेले बी-नट फिटिंग्ज आहेत.","ज्या इंधन लाईन्स आणि इलेक्ट्रिकल कंड्युईट्सना तडे गेले आहेत किंवा बी-नट फिटिंग्ज खराब झाली आहेत, त्यांना गळती टाळण्यासाठी आणि सुरक्षित कामकाज सुनिश्चित करण्यासाठी बदला."
The processor accepts data from input devices and checks it before computing to ensure accuracy and prevent errors.,प्रोसेसर इनपुट डिव्हाइसेसकडून डेटा स्वीकारतो आणि अचूकता सुनिश्चित करण्यासाठी आणि त्रुटी टाळण्यासाठी संगणनापूर्वी त्याची तपासणी करतो.,प्रोसेसर इनपुट उपकरणांकडून डेटा स्वीकारतो आणि अचूकता सुनिश्चित करण्यासाठी व त्रुटी टाळण्यासाठी तो गणनेपूर्वी तपासतो.
"The orifice through which the exhaust gases leave the chamber, is larger than the intake valve opening.","ज्या छिद्रातून एक्झॉस्ट वायू चेंबर सोडतात, ते इनटेक व्हॉल्व्ह ओपनिंगपेक्षा मोठे असते.","ज्या मुखातून उत्सर्जक वायू कक्षातून बाहेर पडतात, ते इनटेक व्हॉल्व्हच्या उघडण्यापेक्षा मोठे आहे."
Take no action as the camera operates automatically under all lighting conditions.,"कोणतीही कृती करू नका, कारण कॅमेरा सर्व प्रकाश परिस्थितींमध्ये स्वयंचलितपणे कार्य करतो.","कोणतीही कार्यवाही करू नका, कारण कॅमेरा सर्व प्रकाश परिस्थितीत आपोआप कार्य करतो."
The species of fish supported by the reef are varied and abundant food supplies are available to sustain their populations.,प्रवाळाशी निगडीत माशांच्या प्रजाती विविध आहेत आणि त्यांची लोकसंख्या टिकवण्यासाठी पुरेशा प्रमाणात अन्नपुरवठा उपलब्ध आहे.,रीफमुळे आधारलेल्या माशांच्या प्रजाती वैविध्यपूर्ण आहेत आणि त्यांच्या लोकसंख्या टिकवून ठेवण्यासाठी भरपूर अन्न पुरवठा उपलब्ध आहे.
"At high temperatures, all the ceramic materials show ductility and hardness decreases considerably, leading to a higher risk of deformation under load.","उच्च तापमानाला, सर्व सिरामिक सामग्री लवचिकता दर्शवतात आणि कठीणता लक्षणीयरीत्या कमी होते, ज्यामुळे भाराखाली विकृतीचा धोका वाढतो.","उच्च तापमानावर, सर्व सिरामिक साहित्ये तन्यता दर्शवतात आणि कडकपणा मोठ्या प्रमाणात कमी होतो, ज्यामुळे भाराखाली विरूपणाचा धोका वाढतो."
"This produces hard copy that can be retained but printed sheets are bulky to handle, so digital storage and viewing are often preferred.","हे हार्ड कॉपी तयार करते जे जतन केले जाऊ शकते, परंतु मुद्रित पृष्ठे हाताळण्यासाठी बोजड असतात, म्हणून डिजिटल स्टोरेज आणि पाहणे बहुतेक वेळा प्राधान्य दिले जाते.","यामुळे जतन करता येणारी हार्ड कॉपी तयार होते, पण छापलेली पाने हाताळण्यास जाडजूड असल्याने, डिजिटल साठवण आणि पाहण्याला अनेकदा प्राधान्य दिले जाते."
Connection to PTT-supplied packet-switch networks will be a prime requirement of the workstation and gateways into these networks are planned by the PTTs to ensure seamless data communication.,पीटीटी-पुरवलेल्या पॅकेट-स्विच नेटवर्कशी कनेक्शन ही वर्कस्टेशनची प्रमुख आवश्यकता असेल आणि निर्बाध डेटा संप्रेषण सुनिश्चित करण्यासाठी या नेटवर्कमध्ये गेटवे पीटीटीद्वारे नियोजित केले आहेत.,पीटीटीने पुरवलेल्या पॅकेट-स्विच नेटवर्कशी जोडणी ही वर्कस्टेशनची प्रमुख आवश्यकता असेल आणि अखंड डेटा संवाद सुनिश्चित करण्यासाठी या नेटवर्कमध्ये प्रवेशासाठी गेटवे पीटीटीद्वारे नियोजित आहेत.
The system consistently achieved 50 gallons per hour optimum output.,यंत्रणेने सातत्याने प्रति तास 50 गॅलन इष्टतम उत्पादन प्राप्त केले.,प्रणालीने सातत्याने दर तासाला ५० गॅलन – इष्टतम उत्पादन – गाठले.
percentage reduction is critical: over and under reduction cause the ink to be very uneven and prone to smudging.,टक्केवारीतील घट गंभीर आहे: अतिरिक्त आणि अपूर्ण घटामुळे शाई अत्यंत असमान होते आणि स्मजिंगची शक्यता वाढते.,टक्केवारीतील घट निर्णायक आहे: जास्त घट आणि कमी घट यांमुळे शाई खूपच असमान होते आणि सहज डाग पडण्याची शक्यता असते.
Adopting a user-centered approach is a realistic strategy in the design of both paper and screen based forms.,कागद आणि स्क्रीन आधारित अशा दोन्ही फॉर्मच्या डिझाइनमध्ये वापरकर्ता-केंद्रित दृष्टीकोन स्वीकारणे ही एक वास्तववादी धोरण आहे.,"वापरकर्ता-केंद्रित दृष्टिकोन स्वीकारणे, कागदावर आधारित आणि स्क्रीनवर आधारित असलेल्या दोन्ही फॉर्म्सच्या डिझाइनमध्ये एक वास्तववादी रणनीती आहे."
Morphological studies of paraquat or oxygen toxicity in rats have shown significant cellular damage in lung tissue.,उंदरांमध्ये पॅराक्वॅट किंवा ऑक्सिजन विषबाधेच्या आकारिकीय अभ्यासांमध्ये फुफ्फुस ऊतीमध्ये लक्षणीय पेशीय नुकसान दर्शविले आहे.,उंदरांमधील पॅराक्वेट किंवा ऑक्सिजन विषारीपणाच्या रूपात्मक अभ्यासांनी फुफ्फुसाच्या ऊतीमध्ये लक्षणीय पेशींचे नुकसान दर्शविले आहे.
One should read G. V. Carey’s chapter Proof Correction in Mind the Stop.,एखाद्याने जी. व्ही. केरीचे 'माइंड द स्टॉप' या पुस्तकातील 'प्रूफ करेक्शन' हे प्रकरण वाचावे.,जी. व्ही. कॅरीचा 'माईंड द स्टॉप' मधील 'प्रूफ करेक्शन' हा अध्याय वाचला पाहिजे.
"The glass content of this material is low, 10% by weight, for this application.","या सामग्रीमधील काचेचे प्रमाण कमी आहे, वजनानुसार 10%, या वापरासाठी.",या सामग्रीतील काचेचे प्रमाण (वजनानुसार १०%) या उपयोगासाठी कमी आहे.
"During the experiment, the animals will be fed with water, via an automatic system, ad libitum.","प्रयोगादरम्यान, प्राण्यांना पाणी, स्वयंचलित प्रणालीद्वारे, मुक्तपणे खाऊ घातले जाईल.","प्रयोगादरम्यान, प्राण्यांना पाणी (स्वयंचलित प्रणालीद्वारे) इच्छेनुसार दिले जाईल."
a water:glycol ratio of 60:40 is preferred.,60:40 चे पाणी:ग्लायकोल गुणोत्तर प्राधान्य दिले जाते.,६०/४० पाण्याचे/ग्लायकॉलचे प्रमाण पसंत केले जाते.
It has thickness of only 16:240 inch.,याची जाडी केवळ 16:240 इंच आहे.,त्याची जाडी फक्त १६/२४० इंच आहे.
